EXT 	 OPC 	 ASM             	 MEGA65 	 XEMU 	 COMPARISON
 -  	  -  	 calibration     	  22 	  21 	 MISMATCH
$00 	 $00 	 BRK             	   9 	   9 	 OK
$00 	 $01 	 ORA  ($nn,X)    	   7 	   7 	 OK
$00 	 $02 	 CLE             	   3 	   3 	 OK
$00 	 $03 	 SEE             	   1 	   1 	 OK
$00 	 $04 	 TSB  $nn        	   6 	   6 	 OK
$00 	 $05 	 ORA  $nn        	   4 	   4 	 OK
$03 	 $05 	 ORQ  $nn        	  11 	  11 	 OK
$00 	 $06 	 ASL  $nn        	   6 	   6 	 OK
$03 	 $06 	 ASLQ $nn        	  17 	  17 	 OK
$00 	 $07 	 RMB0 $nn        	   6 	   6 	 OK
$00 	 $08 	 PHP             	   3 	   3 	 OK
$00 	 $09 	 ORA  #$nn       	   2 	   2 	 OK
$00 	 $0A 	 ASL  A          	   1 	   1 	 OK
$03 	 $0A 	 ASLQ Q          	   4 	   4 	 OK
$00 	 $0B 	 TSY             	   1 	   1 	 OK
$00 	 $0C 	 TSB  $nnnn      	   7 	   7 	 OK
$00 	 $0D 	 ORA  $nnnn      	   5 	   5 	 OK
$03 	 $0D 	 ORQ  $nnnn      	  12 	  12 	 OK
$00 	 $0E 	 ASL  $nnnn      	   7 	   7 	 OK
$03 	 $0E 	 ASLQ $nnnn      	  18 	  18 	 OK
$00 	 $0F 	 BBR0 $nn,$rr    	   5 	   5 	 OK
$01 	 $0F 	 BBR0 $nn,$rr    	   6 	   6 	 OK
$00 	 $10 	 BPL  $rr        	   2 	   2 	 OK
$01 	 $10 	 BPL  $rr        	   4 	   4 	 OK
$00 	 $11 	 ORA  ($nn),Y    	   7 	   7 	 OK
$00 	 $12 	 ORA  ($nn),Z    	   7 	   7 	 OK
$02 	 $12 	 ORA  [$nn],Z    	  10 	  10 	 OK
$03 	 $12 	 ORQ  ($nn)      	  14 	  14 	 OK
$04 	 $12 	 ORQ  [$nn]      	  17 	  17 	 OK
$00 	 $13 	 LBPL $rr        	   4 	   4 	 OK
$01 	 $13 	 LBPL $rr        	   5 	   5 	 OK
$00 	 $14 	 TRB  $nn        	   6 	   6 	 OK
$00 	 $15 	 ORA  $nn,X      	   4 	   4 	 OK
$00 	 $16 	 ASL  $nn,X      	   6 	   6 	 OK
$03 	 $16 	 ASLQ $nn,X      	  17 	  17 	 OK
$00 	 $17 	 RMB1 $nn        	   6 	   6 	 OK
$00 	 $18 	 CLC             	   1 	   1 	 OK
$00 	 $19 	 ORA  $nnnn,Y    	   5 	   5 	 OK
$00 	 $1A 	 INA             	   1 	   1 	 OK
$03 	 $1A 	 INQ             	   4 	   4 	 OK
$00 	 $1B 	 INZ             	   1 	   1 	 OK
$00 	 $1C 	 TRB  $nnnn      	   7 	   7 	 OK
$00 	 $1D 	 ORA  $nnnn,X    	   5 	   5 	 OK
$00 	 $1E 	 ASL  $nnnn,X    	   7 	   7 	 OK
$03 	 $1E 	 ASLQ $nnnn,X    	  18 	  18 	 OK
$00 	 $1F 	 BBR1 $nn,$rr    	   5 	   5 	 OK
$01 	 $1F 	 BBR1 $nn,$rr    	   6 	   6 	 OK
$00 	 $20 	 JSR  $nnnn      	   5 	   5 	 OK
$00 	 $21 	 AND  ($nn,X)    	   7 	   7 	 OK
$00 	 $22 	 JSR  ($nnnn)    	   8 	   8 	 OK
$00 	 $23 	 JSR  ($nnnn,X)  	   8 	   8 	 OK
$00 	 $24 	 BIT  $nn        	   4 	   4 	 OK
$03 	 $24 	 BITQ $nn        	  11 	  11 	 OK
$00 	 $25 	 AND  $nn        	   4 	   4 	 OK
$03 	 $25 	 ANDQ $nn        	  11 	  11 	 OK
$00 	 $26 	 ROL  $nn        	   6 	   6 	 OK
$03 	 $26 	 ROLQ $nn        	  17 	  17 	 OK
$00 	 $27 	 RMB2 $nn        	   6 	   6 	 OK
$00 	 $28 	 PLP             	   4 	   4 	 OK
$00 	 $29 	 AND  #$nn       	   2 	   2 	 OK
$00 	 $2A 	 ROL  A          	   1 	   1 	 OK
$03 	 $2A 	 ROLQ Q          	   4 	   4 	 OK
$00 	 $2B 	 TYS             	   1 	   1 	 OK
$00 	 $2C 	 BIT  $nnnn      	   5 	   5 	 OK
$03 	 $2C 	 BITQ $nnnn      	  12 	  12 	 OK
$00 	 $2D 	 AND  $nnnn      	   5 	   5 	 OK
$03 	 $2D 	 ANDQ $nnnn      	  12 	  12 	 OK
$00 	 $2E 	 ROL  $nnnn      	   7 	   7 	 OK
$03 	 $2E 	 ROLQ $nnnn      	  18 	  18 	 OK
$00 	 $2F 	 BBR2 $nn,$rr    	   5 	   5 	 OK
$01 	 $2F 	 BBR2 $nn,$rr    	   6 	   6 	 OK
$00 	 $30 	 BMI  $rr        	   2 	   2 	 OK
$01 	 $30 	 BMI  $rr        	   4 	   4 	 OK
$00 	 $31 	 AND  ($nn),Y    	   7 	   7 	 OK
$00 	 $32 	 AND  ($nn),Z    	   7 	   7 	 OK
$02 	 $32 	 AND  [$nn],Z    	  10 	  10 	 OK
$03 	 $32 	 ANDQ ($nn)      	  14 	  14 	 OK
$04 	 $32 	 ANDQ [$nn]      	  17 	  17 	 OK
$00 	 $33 	 LBMI $rrrr      	   4 	   4 	 OK
$01 	 $33 	 LBMI $rrrr      	   5 	   5 	 OK
$00 	 $34 	 BIT  $nn,X      	   4 	   4 	 OK
$00 	 $35 	 AND  $nn,X      	   4 	   4 	 OK
$00 	 $36 	 ROL  $nn,X      	   6 	   6 	 OK
$03 	 $36 	 ROLQ $nn,X      	  17 	  17 	 OK
$00 	 $37 	 RMB3 $nn        	   6 	   6 	 OK
$00 	 $38 	 SEC             	   1 	   1 	 OK
$00 	 $39 	 AND  $nnnn,Y    	   5 	   5 	 OK
$00 	 $3A 	 DEA             	   1 	   1 	 OK
$03 	 $3A 	 DEQ             	   4 	   4 	 OK
$00 	 $3B 	 DEZ             	   1 	   1 	 OK
$00 	 $3C 	 BIT  $nnnn,X    	   5 	   5 	 OK
$00 	 $3D 	 AND  $nnnn,X    	   5 	   5 	 OK
$00 	 $3E 	 ROL  $nnnn,X    	   7 	   7 	 OK
$03 	 $3E 	 ROLQ $nnnn,X    	  18 	  18 	 OK
$00 	 $3F 	 BBR3 $nn,$rr    	   5 	   5 	 OK
$01 	 $3F 	 BBR3 $nn,$rr    	   6 	   6 	 OK
$00 	 $40 	 RTI             	   6 	   6 	 OK
$00 	 $41 	 EOR  ($nn,X)    	   7 	   7 	 OK
$00 	 $42 	 NEG             	   1 	   1 	 OK
$03 	 $42 	 NEGQ            	   3 	   3 	 OK
$00 	 $43 	 ASR             	   1 	   1 	 OK
$03 	 $43 	 ASRQ            	   4 	   4 	 OK
$00 	 $44 	 ASR  $nn        	   6 	   6 	 OK
$03 	 $44 	 ASRQ $nn        	  17 	  17 	 OK
$00 	 $45 	 EOR  $nn        	   4 	   4 	 OK
$03 	 $45 	 EORQ $nn        	  11 	  11 	 OK
$00 	 $46 	 LSR  $nn        	   6 	   6 	 OK
$03 	 $46 	 LSRQ $nn        	  17 	  17 	 OK
$00 	 $47 	 RMB4 $nn        	   6 	   6 	 OK
$00 	 $48 	 PHA             	   3 	   3 	 OK
$00 	 $49 	 EOR  #$nn       	   2 	   2 	 OK
$00 	 $4A 	 LSR  A          	   1 	   1 	 OK
$03 	 $4A 	 LSRQ Q          	   4 	   4 	 OK
$00 	 $4B 	 TAZ             	   1 	   1 	 OK
$00 	 $4C 	 JMP  $nnnn      	   5 	   5 	 OK
$00 	 $4D 	 EOR  $nnnn      	   5 	   5 	 OK
$03 	 $4D 	 EORQ $nnnn      	  12 	  12 	 OK
$00 	 $4E 	 LSR  $nnnn      	   7 	   7 	 OK
$03 	 $4E 	 LSRQ $nnnn      	  18 	  18 	 OK
$00 	 $4F 	 BBR4 $nn,$rr    	   5 	   5 	 OK
$01 	 $4F 	 BBR4 $nn,$rr    	   6 	   6 	 OK
$00 	 $50 	 BVC  $rr        	   2 	   2 	 OK
$01 	 $50 	 BVC  $rr        	   4 	   4 	 OK
$00 	 $51 	 EOR  ($nn),Y    	   7 	   7 	 OK
$00 	 $52 	 EOR  ($nn),Z    	   7 	   7 	 OK
$02 	 $52 	 EOR  [$nn],Z    	  10 	  10 	 OK
$03 	 $52 	 EORQ ($nn)      	  14 	  14 	 OK
$04 	 $52 	 EORQ [$nn]      	  17 	  17 	 OK
$00 	 $53 	 LBVC $rrrr      	   4 	   4 	 OK
$01 	 $53 	 LBVC $rrrr      	   5 	   5 	 OK
$00 	 $54 	 ASR  $nn,X      	   6 	   6 	 OK
$03 	 $54 	 ASRQ $nn,X      	  17 	  17 	 OK
$00 	 $55 	 EOR  $nn,X      	   4 	   4 	 OK
$00 	 $56 	 LSR  $nn,X      	   6 	   6 	 OK
$03 	 $56 	 LSRQ $nn,X      	  17 	  17 	 OK
$00 	 $57 	 RMB5 $nn        	   6 	   6 	 OK
$00 	 $58 	 CLI             	   3 	   3 	 OK
$00 	 $59 	 EOR  $nnnn,Y    	   5 	   5 	 OK
$00 	 $5A 	 PHY             	   3 	   3 	 OK
$00 	 $5B 	 TAB             	   1 	   1 	 OK
$00 	 $5C 	 MAP             	   3 	   3 	 OK
$00 	 $5D 	 EOR  $nnnn,X    	   5 	   5 	 OK
$00 	 $5E 	 LSR  $nnnn,X    	   7 	   7 	 OK
$03 	 $5E 	 LSRQ $nnnn,X    	  18 	  18 	 OK
$00 	 $5F 	 BBR5 $nn,$rr    	   5 	   5 	 OK
$01 	 $5F 	 BBR5 $nn,$rr    	   6 	   6 	 OK
$00 	 $60 	 RTS             	   5 	   5 	 OK
$00 	 $61 	 ADC  ($nn,X)    	   7 	   7 	 OK
$00 	 $62 	 RTS  #$nn       	   5 	   5 	 OK
$00 	 $63 	 BSR  $rrrr      	   5 	   5 	 OK
$00 	 $64 	 STZ  $nn        	   3 	   3 	 OK
$00 	 $65 	 ADC  $nn        	   4 	   4 	 OK
$03 	 $65 	 ADCQ $nn        	  11 	  11 	 OK
$00 	 $66 	 ROR  $nn        	   6 	   6 	 OK
$03 	 $66 	 RORQ $nn        	  17 	  17 	 OK
$00 	 $67 	 RMB6 $nn        	   6 	   6 	 OK
$00 	 $68 	 PLA             	   4 	   4 	 OK
$00 	 $69 	 ADC  #$nn       	   2 	   2 	 OK
$00 	 $6A 	 ROR  A          	   1 	   1 	 OK
$03 	 $6A 	 RORQ Q          	   4 	   4 	 OK
$00 	 $6B 	 TZA             	   1 	   1 	 OK
$00 	 $6C 	 JMP  ($nnnn)    	   7 	   7 	 OK
$00 	 $6D 	 ADC  $nnnn      	   5 	   5 	 OK
$03 	 $6D 	 ADCQ $nnnn      	  12 	  12 	 OK
$00 	 $6E 	 ROR  $nnnn      	   7 	   7 	 OK
$03 	 $6E 	 RORQ $nnnn      	  18 	  18 	 OK
$00 	 $6F 	 BBR6 $nn,$rr    	   5 	   5 	 OK
$01 	 $6F 	 BBR6 $nn,$rr    	   6 	   6 	 OK
$00 	 $70 	 BVS  $rr        	   2 	   2 	 OK
$01 	 $70 	 BVS  $rr        	   4 	   4 	 OK
$00 	 $71 	 ADC  ($nn),Y    	   7 	   7 	 OK
$00 	 $72 	 ADC  ($nn),Z    	   7 	   7 	 OK
$02 	 $72 	 ADC  [$nn],Z    	  14 	  14 	 OK
$03 	 $72 	 ADCQ ($nn)      	  14 	  14 	 OK
$04 	 $72 	 ADCQ [$nn]      	  17 	  17 	 OK
$00 	 $73 	 LBVS $rrrr      	   4 	   4 	 OK
$01 	 $73 	 LBVS $rrrr      	   5 	   5 	 OK
$00 	 $74 	 STZ  $nn,X      	   3 	   3 	 OK
$00 	 $75 	 ADC  $nn,X      	   4 	   4 	 OK
$00 	 $76 	 ROR  $nn,X      	   6 	   6 	 OK
$03 	 $76 	 RORQ $nn,X      	  17 	  17 	 OK
$00 	 $77 	 RMB7 $nn        	   6 	   6 	 OK
$00 	 $78 	 SEI             	   1 	   1 	 OK
$00 	 $79 	 ADC  $nnnn,Y    	   5 	   5 	 OK
$00 	 $7A 	 PLY             	   4 	   4 	 OK
$00 	 $7B 	 TBA             	   1 	   1 	 OK
$00 	 $7C 	 JMP  ($nnnn,X)  	   7 	   7 	 OK
$00 	 $7D 	 ADC  $nnnn,X    	   5 	   5 	 OK
$00 	 $7E 	 ROR  $nnnn,X    	   7 	   7 	 OK
$03 	 $7E 	 RORQ $nnnn,X    	  18 	  18 	 OK
$00 	 $7F 	 BBR7 $nn,$rr    	   5 	   5 	 OK
$01 	 $7F 	 BBR7 $nn,$rr    	   6 	   6 	 OK
$00 	 $80 	 BRA  $rr        	   4 	   4 	 OK
$00 	 $81 	 STA  ($nn,X)    	   6 	   6 	 OK
$00 	 $82 	 STA  ($nn,SP),Y 	  44 	   7 	 MISMATCH
$00 	 $83 	 LBRA $rrrr      	   5 	   5 	 OK
$00 	 $84 	 STY  $nn        	   3 	   3 	 OK
$00 	 $85 	 STA  $nn        	   3 	   3 	 OK
$03 	 $85 	 STQ  $nn        	   9 	   9 	 OK
$00 	 $86 	 STX  $nn        	   3 	   3 	 OK
$00 	 $87 	 SMB0 $nn        	   6 	   6 	 OK
$00 	 $88 	 DEY             	   1 	   1 	 OK
$00 	 $89 	 BIT  #$nn       	   2 	   2 	 OK
$00 	 $8A 	 TXA             	   1 	   1 	 OK
$00 	 $8B 	 STY  $nnnn,X    	   4 	   4 	 OK
$00 	 $8C 	 STY  $nnnn      	   4 	   4 	 OK
$00 	 $8D 	 STA  $nnnn      	   4 	   4 	 OK
$03 	 $8D 	 STQ  $nnnn      	  10 	  10 	 OK
$00 	 $8E 	 STX  $nnnn      	   4 	   4 	 OK
$00 	 $8F 	 BBS0 $nn,$rr    	   5 	   5 	 OK
$01 	 $8F 	 BBS0 $nn,$rr    	   6 	   6 	 OK
$00 	 $90 	 BCC  $rr        	   2 	   2 	 OK
$01 	 $90 	 BCC  $rr        	   4 	   4 	 OK
$00 	 $91 	 STA  ($nn),Y    	   6 	   6 	 OK
$00 	 $92 	 STA  ($nn),Z    	   6 	   6 	 OK
$02 	 $92 	 STA  [$nn],Z    	   9 	   9 	 OK
$03 	 $92 	 STQ  ($nn)      	  12 	  12 	 OK
$04 	 $92 	 STQ  [$nn]      	  15 	  15 	 OK
$00 	 $93 	 LBCC $rrrr      	   4 	   4 	 OK
$01 	 $93 	 LBCC $rrrr      	   5 	   5 	 OK
$00 	 $94 	 STY  $nn,X      	   3 	   3 	 OK
$00 	 $95 	 STA  $nn,X      	   3 	   3 	 OK
$00 	 $96 	 STX  $nn,Y      	   3 	   3 	 OK
$00 	 $97 	 SMB1 $nn        	   6 	   6 	 OK
$00 	 $98 	 TYA             	   1 	   1 	 OK
$00 	 $99 	 STA  $nnnn,Y    	   4 	   4 	 OK
$00 	 $9A 	 TXS             	   1 	   1 	 OK
$00 	 $9B 	 STX  $nnnn,Y    	   4 	   4 	 OK
$00 	 $9C 	 STZ  $nnnn      	   4 	   4 	 OK
$00 	 $9D 	 STA  $nnnn,X    	   4 	   4 	 OK
$00 	 $9E 	 STZ  $nnnn,X    	   4 	   4 	 OK
$00 	 $9F 	 BBS1 $nn,$rr    	   5 	   5 	 OK
$01 	 $9F 	 BBS1 $nn,$rr    	   6 	   6 	 OK
$00 	 $A0 	 LDY  #$nn       	   2 	   2 	 OK
$00 	 $A1 	 LDA  ($nn,X)    	   7 	   7 	 OK
$00 	 $A2 	 LDX  #$nn       	   2 	   2 	 OK
$00 	 $A3 	 LDZ  #$nn       	   2 	   2 	 OK
$00 	 $A4 	 LDY  $nn        	   4 	   4 	 OK
$00 	 $A5 	 LDA  $nn        	   4 	   4 	 OK
$03 	 $A5 	 LDQ  $nn        	  10 	  10 	 OK
$00 	 $A6 	 LDX  $nn        	   4 	   4 	 OK
$00 	 $A7 	 SMB2 $nn        	   6 	   6 	 OK
$00 	 $A8 	 TAY             	   1 	   1 	 OK
$00 	 $A9 	 LDA  #$nn       	   2 	   2 	 OK
$00 	 $AA 	 TAX             	   1 	   1 	 OK
$00 	 $AB 	 LDZ  $nnnn      	   5 	   5 	 OK
$00 	 $AC 	 LDY  $nnnn      	   5 	   5 	 OK
$00 	 $AD 	 LDA  $nnnn      	   5 	   5 	 OK
$03 	 $AD 	 LDQ  $nnnn      	  11 	  11 	 OK
$00 	 $AE 	 LDX  $nnnn      	   5 	   5 	 OK
$00 	 $AF 	 BBS2 $nn,$rr    	   5 	   5 	 OK
$01 	 $AF 	 BBS2 $nn,$rr    	   6 	   6 	 OK
$00 	 $B0 	 BCS  $rr        	   2 	   2 	 OK
$01 	 $B0 	 BCS  $rr        	   4 	   4 	 OK
$00 	 $B1 	 LDA  ($nn),Y    	   7 	   7 	 OK
$00 	 $B2 	 LDA  ($nn),Z    	   7 	   7 	 OK
$02 	 $B2 	 LDA  [$nn],Z    	  13 	  13 	 OK
$03 	 $B2 	 LDQ  ($nn),Z    	  13 	  13 	 OK
$04 	 $B2 	 LDQ  [$nn],Z    	  16 	  16 	 OK
$00 	 $B3 	 LBCS $rrrr      	   4 	   4 	 OK
$01 	 $B3 	 LBCS $rrrr      	   5 	   5 	 OK
$00 	 $B4 	 LDY  $nn,X      	   4 	   4 	 OK
$00 	 $B5 	 LDA  $nn,X      	   4 	   4 	 OK
$00 	 $B6 	 LDX  $nn,Y      	   4 	   4 	 OK
$00 	 $B7 	 SMB3 $nn        	   6 	   6 	 OK
$00 	 $B8 	 CLV             	   1 	   1 	 OK
$00 	 $B9 	 LDA  $nnnn,Y    	   5 	   5 	 OK
$00 	 $BA 	 TSX             	   1 	   1 	 OK
$00 	 $BB 	 LDZ  $nnnn,X    	   5 	   5 	 OK
$00 	 $BC 	 LDY  $nnnn,X    	   5 	   5 	 OK
$00 	 $BD 	 LDA  $nnnn,X    	   5 	   5 	 OK
$00 	 $BE 	 LDX  $nnnn,Y    	   5 	   5 	 OK
$00 	 $BF 	 BBS3 $nn,$rr    	   5 	   5 	 OK
$01 	 $BF 	 BBS3 $nn,$rr    	   6 	   6 	 OK
$00 	 $C0 	 CPY  #$nn       	   2 	   2 	 OK
$00 	 $C1 	 CMP  ($nn,X)    	   7 	   7 	 OK
$00 	 $C2 	 CPZ  #$nn       	   2 	   2 	 OK
$00 	 $C3 	 DEW  $nn        	   8 	   8 	 OK
$00 	 $C4 	 CPY  $nn        	   4 	   4 	 OK
$00 	 $C5 	 CMP  $nn        	   4 	   4 	 OK
$03 	 $C5 	 CMPQ $nn        	  11 	  11 	 OK
$00 	 $C6 	 DEC  $nn        	   6 	   6 	 OK
$03 	 $C6 	 DEQ  $nn        	  17 	  17 	 OK
$00 	 $C7 	 SMB4 $nn        	   6 	   6 	 OK
$00 	 $C8 	 INY             	   1 	   1 	 OK
$00 	 $C9 	 CMP  #$nn       	   2 	   2 	 OK
$00 	 $CA 	 DEX             	   1 	   1 	 OK
$00 	 $CB 	 ASW  $nnnn      	   9 	   9 	 OK
$00 	 $CC 	 CPY  $nnnn      	   5 	   5 	 OK
$00 	 $CD 	 CMP  $nnnn      	   5 	   5 	 OK
$03 	 $CD 	 CMPQ $nnnn      	  12 	  12 	 OK
$00 	 $CE 	 DEC  $nnnn      	   7 	   7 	 OK
$03 	 $CE 	 DEQ  $nnnn      	  18 	  18 	 OK
$00 	 $CF 	 BBS4 $nn,$rr    	   5 	   5 	 OK
$01 	 $CF 	 BBS4 $nn,$rr    	   6 	   6 	 OK
$00 	 $D0 	 BNE  $rr        	   2 	   2 	 OK
$01 	 $D0 	 BNE  $rr        	   4 	   4 	 OK
$00 	 $D1 	 CMP  ($nn),Y    	   7 	   7 	 OK
$00 	 $D2 	 CMP  ($nn),Z    	   7 	   7 	 OK
$02 	 $D2 	 CMP  [$nn],Z    	  10 	  10 	 OK
$03 	 $D2 	 CMPQ ($nn)      	  14 	  14 	 OK
$04 	 $D2 	 CMPQ [$nn]      	  17 	  17 	 OK
$00 	 $D3 	 BNE  $rrrr      	   4 	   4 	 OK
$01 	 $D3 	 BNE  $rrrr      	   5 	   5 	 OK
$00 	 $D4 	 CPZ  $nn        	   4 	   4 	 OK
$00 	 $D5 	 CMP  $nn,X      	   4 	   4 	 OK
$00 	 $D6 	 DEC  $nn,X      	   6 	   6 	 OK
$03 	 $D6 	 DEQ  $nn,X      	  17 	  17 	 OK
$00 	 $D7 	 SMB5 $nn        	   6 	   6 	 OK
$00 	 $D8 	 CLD             	   1 	   1 	 OK
$00 	 $D9 	 CMP  $nnnn,Y    	   5 	   5 	 OK
$00 	 $DA 	 PHX             	   3 	   3 	 OK
$00 	 $DB 	 PHZ             	   3 	   3 	 OK
$00 	 $DC 	 CPZ  $nnnn      	   5 	   5 	 OK
$00 	 $DD 	 CMP  $nnnn,X    	   5 	   5 	 OK
$00 	 $DE 	 DEC  $nnnn,X    	   7 	   7 	 OK
$03 	 $DE 	 DEQ  $nnnn,X    	  18 	  18 	 OK
$00 	 $DF 	 BBS5 $nn,$rr    	   5 	   5 	 OK
$01 	 $DF 	 BBS5 $nn,$rr    	   6 	   6 	 OK
$00 	 $E0 	 CPX  #$nn       	   2 	   2 	 OK
$00 	 $E1 	 SBC  ($nn,X)    	   7 	   7 	 OK
$00 	 $E2 	 LDA  ($nn,SP),Y 	  58 	   8 	 MISMATCH
$00 	 $E3 	 INW  $nn        	   8 	   8 	 OK
$00 	 $E4 	 CPX  $nn        	   4 	   4 	 OK
$00 	 $E5 	 SBC  $nn        	   4 	   4 	 OK
$03 	 $E5 	 SBCQ $nn        	  11 	  11 	 OK
$00 	 $E6 	 INC  $nn        	   6 	   6 	 OK
$03 	 $E6 	 INQ  $nn        	  17 	  17 	 OK
$00 	 $E7 	 SMB6 $nn        	   6 	   6 	 OK
$00 	 $E8 	 INX             	   1 	   1 	 OK
$00 	 $E9 	 SBC  #$nn       	   2 	   2 	 OK
$00 	 $EA 	 NOP             	   1 	   1 	 OK
$00 	 $EB 	 ROW  $nnnn      	   9 	   9 	 OK
$00 	 $EC 	 CPX  $nnnn      	   5 	   5 	 OK
$00 	 $ED 	 SBC  $nnnn      	   5 	   5 	 OK
$03 	 $ED 	 SBCQ $nnnn      	  12 	  12 	 OK
$00 	 $EE 	 INC  $nnnn      	   7 	   7 	 OK
$03 	 $EE 	 INQ  $nnnn      	  18 	  18 	 OK
$00 	 $EF 	 BBS6 $nn,$rr    	   5 	   5 	 OK
$01 	 $EF 	 BBS6 $nn,$rr    	   6 	   6 	 OK
$00 	 $F0 	 BEQ  $rr        	   2 	   2 	 OK
$01 	 $F0 	 BEQ  $rr        	   4 	   4 	 OK
$00 	 $F1 	 SBC  ($nn),Y    	   7 	   7 	 OK
$00 	 $F2 	 SBC  ($nn),Z    	   7 	   7 	 OK
$02 	 $F2 	 SBC  [$nn],Z    	  10 	  10 	 OK
$03 	 $F2 	 SBCQ ($nn)      	  14 	  14 	 OK
$04 	 $F2 	 SBCQ [$nn]      	  17 	  17 	 OK
$00 	 $F3 	 LBEQ $rrrr      	   4 	   4 	 OK
$01 	 $F3 	 LBEQ $rrrr      	   5 	   5 	 OK
$00 	 $F4 	 PHW  #$nnnn     	   6 	   6 	 OK
$00 	 $F5 	 SBC  $nn,X      	   4 	   4 	 OK
$00 	 $F6 	 INC  $nn,X      	   6 	   6 	 OK
$03 	 $F6 	 INQ  $nn,X      	  17 	  17 	 OK
$00 	 $F7 	 SMB7 $nn        	   6 	   6 	 OK
$00 	 $F8 	 SED             	   1 	   1 	 OK
$00 	 $F9 	 SBC  $nnnn,Y    	   5 	   5 	 OK
$00 	 $FA 	 PLX             	   4 	   4 	 OK
$00 	 $FB 	 PLZ             	   4 	   4 	 OK
$00 	 $FC 	 PHW  $nnnn      	   9 	   9 	 OK
$00 	 $FD 	 SBC  $nnnn,X    	   5 	   5 	 OK
$00 	 $FE 	 INC  $nnnn,X    	   7 	   7 	 OK
$03 	 $FE 	 INQ  $nnnn,X    	  18 	  18 	 OK
$00 	 $FF 	 BBS7 $nn,$rr    	   5 	   5 	 OK
$01 	 $FF 	 BBS7 $nn,$rr    	   6 	   6 	 OK
